"name","gender","salary","employee_level"
"OSNCJ","Male",8954,"None"
"RVKET","Female",12553,"A5-F"
"NVYZE","Male",8173,"None"
"SYYIC","Female",30787,"None"
"HZGJI","Female",32306,"None"
"SDNQK","Male",31536,"None"
"GULOJ","Male",16378,"A1"
"MGIIJ","Male",34805,"None"
"WUGUF","Female",14911,"A5-F"
"YBEHL","Female",8915,"A5-F"
"MRAYY","Male",11464,"A1"
"FUOIO","Female",13090,"A5-F"
"ZPTFK","Male",21801,"None"
"HVVGP","Male",26659,"None"
"QVRQB","Male",30924,"None"
"DMEVS","Female",10038,"A5-F"
"YTVYN","Male",34084,"None"
"YWCHP","Female",24125,"A5-F"
"LYNCN","Male",13212,"A1"
"GCWVZ","Male",12876,"A1"
"OUEHS","Male",14739,"A1"
"JRJLB","Male",20395,"None"
"JVLTN","Female",31460,"None"
"QNVCH","Female",16203,"A5-F"
"NSOXQ","Female",6255,"None"
"WKGOW","Male",10528,"A1"
"ZFNGJ","Male",10248,"A1"
"EFPXU","Male",20001,"None"
"WKDLN","Male",12475,"A1"
"SYGVZ","Male",16199,"A1"
"IGBPM","Male",24407,"None"
"SXTOG","Female",28630,"A5-F"
"DAHTY","Male",13589,"A1"
"PXVKP","Male",28899,"None"
"THCDT","Male",17975,"A1"
"LVQJT","Female",21653,"A5-F"
"KYWHN","Male",32084,"None"
"UMBKM","Female",26511,"A5-F"
"NFYHL","Male",28386,"None"
"ZDMNU","Male",17049,"A1"
"PWAHH","Male",28799,"None"
"JYHRU","Male",10430,"A1"
"IGGZJ","Male",15964,"A1"
"XVWZK","Female",17312,"A5-F"
"AYSJU","Male",12033,"A1"
"VMKKY","Male",12353,"A1"
"TZGYW","Male",33362,"None"
"ZTXYI","Female",32648,"None"
"IEWNN","Male",9149,"None"
"FAZJQ","Female",34900,"None"
"ZQZUG","Male",17839,"A1"
"UZITF","Male",19663,"A1"
"RQEYT","Male",12953,"A1"
"CYNAB","Female",26926,"A5-F"
"DJAEU","Female",25183,"A5-F"
"YHWYU","Female",14900,"A5-F"
"MRJFG","Female",10454,"A5-F"
"IPQUM","Male",23279,"None"
"UHUGT","Female",34785,"None"
"RQABQ","Female",12759,"A5-F"
"BMXQC","Female",33653,"None"
"RBELY","Male",15775,"A1"
"MJFJJ","Male",29175,"None"
"FPPCD","Female",5171,"None"
"CWCPB","Male",6887,"None"
"OWCIG","Male",22743,"None"
"IDBVZ","Female",29234,"A5-F"
"LIKGM","Female",33868,"None"
"EKASL","Male",7179,"None"
"BUQLC","Male",27169,"None"
"YROVC","Female",13888,"A5-F"
"SYRQF","Female",27093,"A5-F"
"JHJZM","Female",21853,"A5-F"
"TFTTI","Female",24406,"A5-F"
"PHGJQ","Male",32293,"None"
"RHSJW","Female",6962,"None"
"KQLBS","Male",33727,"None"
"MMSVJ","Male",32230,"None"
"PEDRA","Male",12347,"A1"
"PQLUB","Male",32465,"None"
"RLOSU","Male",13274,"A1"
"FPZOS","Male",13287,"A1"
"CNAXA","Male",14348,"A1"
"PKDXL","Female",16904,"A5-F"
"MJJXG","Male",32723,"None"
"RQTIU","Male",14873,"A1"
"KLHRE","Male",30221,"None"
"RFJZI","Male",34503,"None"
"KWFLS","Male",8058,"None"
"XWDXC","Male",26198,"None"
"NHFDW","Female",25145,"A5-F"
"JPXPT","Female",24415,"A5-F"
"JYFSD","Male",17969,"A1"
"IYDOT","Female",18216,"A5-F"
"VUQXG","Female",27905,"A5-F"
"OENVO","Female",19685,"A5-F"
"OPSHZ","Male",15780,"A1"
"EGTPP","Female",11077,"A5-F"
"IKKSJ","Male",13709,"A1"
"WBYFT","Male",23663,"None"
"NNFRB","Male",8898,"None"
"XHKUY","Male",10524,"A1"
"GSWHJ","Female",5280,"None"
"EQWFH","Male",14320,"A1"
"TFOQC","Female",33127,"None"
"OTAEK","Male",15609,"A1"
"OTBPW","Female",18383,"A5-F"
"SJSQG","Female",26269,"A5-F"
"FLDUW","Male",26501,"None"
"SBXDV","Female",23133,"A5-F"
"ZWKVA","Female",22457,"A5-F"
"VXSRP","Female",33167,"None"
"CABBH","Female",16635,"A5-F"
"ZTNYM","Female",18779,"A5-F"
"GHCVP","Female",23467,"A5-F"
"VXALR","Male",10288,"A1"
"UNHXW","Female",34770,"None"
"EQZYY","Female",7359,"None"
"KWZDM","Female",5670,"None"
"HODMC","Female",28631,"A5-F"
"GAFMZ","Female",23185,"A5-F"
"ZQWUF","Male",28779,"None"
"JMFIH","Female",32296,"None"
"APVBH","Male",10258,"A1"
"NLZHI","Male",5833,"None"
"HYITA","Female",32527,"None"
"CHBAI","Female",15357,"A5-F"
"WGMTN","Male",34462,"None"
"PGDML","Male",16116,"A1"
"YMTJI","Female",28281,"A5-F"
"LHGYO","Female",17329,"A5-F"
"SQKGS","Female",12964,"A5-F"
"WZCFG","Female",12806,"A5-F"
"DJQPH","Male",23910,"None"
"UCLUN","Male",33851,"None"
"ENFIA","Female",33287,"None"
"TNSEB","Male",16988,"A1"
"ATDZZ","Female",32058,"None"
"KEVDS","Male",9355,"None"
"CAGEW","Male",29748,"None"
"IYXQU","Female",8854,"A5-F"
"EXLBV","Male",34602,"None"
"RDJOW","Female",15490,"A5-F"
"VHAXK","Male",10297,"A1"
"EKOOY","Male",18855,"A1"
"XJOOT","Male",23371,"None"
"LIYDC","Male",6745,"None"
"GDXHU","Female",18803,"A5-F"
"EXFDC","Female",25496,"A5-F"
"KJWEX","Female",28274,"A5-F"
"YKJOS","Male",10102,"A1"
"JMXCR","Male",6619,"None"
"JHLJG","Female",9926,"A5-F"
"GFQTA","Male",12055,"A1"
"EJMJB","Female",5286,"None"
"OWOHC","Male",20971,"None"
"BFNOS","Male",8065,"None"
"IWYOV","Female",33741,"None"
"PHIUW","Male",8908,"None"
"PIBXI","Female",34729,"None"
"KXKDG","Female",22747,"A5-F"
"XRKVA","Female",28039,"A5-F"
"KZFUJ","Female",19284,"A5-F"
"YRCCB","Female",17682,"A5-F"
"ZHMHB","Female",23817,"A5-F"
"FWQNG","Male",25836,"None"
"MHFKJ","Male",31242,"None"
"QGWLS","Female",13312,"A5-F"
"QHONN","Female",8908,"A5-F"
"ZQARR","Female",25867,"A5-F"
"TJJUI","Female",28613,"A5-F"
"SWWRR","Female",7962,"A5-F"
"LLUXD","Female",19714,"A5-F"
"TWJEB","Male",18422,"A1"
"RLMKS","Male",11468,"A1"
"FRJIC","Female",6041,"None"
"VSHMA","Male",31583,"None"
"BKPEU","Male",8213,"None"
"DWCOJ","Female",29520,"A5-F"
"GZGBR","Male",12901,"A1"
"RCHNI","Female",31487,"None"
"OQGHA","Male",20068,"None"
"ICYBK","Female",23103,"A5-F"
"DHTKR","Male",10002,"A1"
"VNCWC","Female",17766,"A5-F"
"NGWOW","Male",32836,"None"
"WXHAE","Female",33834,"None"
"YQFYJ","Female",31794,"None"
"ZXLHP","Male",33285,"None"
"GGAZY","Male",30523,"None"
"XKCXV","Female",25005,"A5-F"
"QTCNE","Female",22600,"A5-F"
"WRXHT","Male",27341,"None"
"XJVRQ","Female",33697,"None"
"ICEUY","Female",5251,"None"
"PTZCC","Male",26251,"None"
"VZMDO","Male",34009,"None"
"WYSML","Male",27387,"None"
"VUYTM","Female",34436,"None"
"MCWTE","Female",29317,"A5-F"
"XMWLH","Male",19805,"A1"
"FXPKW","Female",5301,"None"
"LPOAV","Female",18725,"A5-F"
"LJVJD","Male",17869,"A1"
"IYZTE","Male",5963,"None"
"ISCBW","Female",17299,"A5-F"
"LOQCG","Male",7415,"None"
"MNBIO","Female",15420,"A5-F"
"UAJII","Male",21122,"None"
"GRLXW","Female",32676,"None"
"FGPZP","Female",28796,"A5-F"
"BBNUW","Female",19793,"A5-F"
"ZYGFD","Male",14779,"A1"
"CNSNP","Female",11022,"A5-F"
"JLRCA","Female",27854,"A5-F"
"LQADS","Female",20335,"A5-F"
"MROMN","Female",5726,"None"
"WRLRG","Female",8695,"A5-F"
"ZDDXY","Female",18159,"A5-F"
"CYKSP","Female",30506,"None"
"OKFEB","Female",15117,"A5-F"
"VQESO","Female",10544,"A5-F"
"SCVYO","Female",17929,"A5-F"
"CBEEG","Female",25908,"A5-F"
"BPHWW","Male",7935,"None"
"XURSI","Male",21625,"None"
"SNSEM","Male",9381,"None"
"PGHPO","Female",5638,"None"
"ZTCWX","Male",24710,"None"
"QGYMC","Male",28808,"None"
"ZVMND","Male",20214,"None"
"YUPIP","Male",8836,"None"
"IEVVN","Male",18831,"A1"
"LVXNM","Male",5573,"None"
"TOHMW","Male",31538,"None"
"GEHON","Male",32820,"None"
"PAWZN","Male",32129,"None"
"WUQGG","Female",31345,"None"
"MOLNS","Female",19291,"A5-F"
"SYQIM","Female",9908,"A5-F"
"NWFAP","Female",7664,"A5-F"
"HEJIE","Female",7660,"A5-F"
"NSAPF","Female",12394,"A5-F"
"THYNN","Male",21872,"None"
"YHKWT","Male",12283,"A1"
"XENAA","Male",18376,"A1"
"ECDCN","Male",22544,"None"
"RJLPC","Female",32678,"None"
"ZLEMH","Female",8077,"A5-F"
"QESFB","Female",29937,"A5-F"
"QWQHS","Male",19917,"A1"
"RZSEN","Female",21570,"A5-F"
"LXAPR","Female",11602,"A5-F"
"TGEJD","Male",11623,"A1"
"HQEGV","Male",26379,"None"
"LMJAZ","Female",20613,"A5-F"
"ONGBJ","Female",30098,"None"
"UOSRN","Female",10515,"A5-F"
"VRSCK","Male",26592,"None"
"TYENR","Male",23010,"None"
"IAGOQ","Female",26903,"A5-F"
"FMAFH","Male",30364,"None"
"JBUZR","Male",17538,"A1"
"ECFVK","Male",5798,"None"
"IVTOR","Female",18457,"A5-F"
"GINKT","Male",7465,"None"
"QLXLS","Male",26137,"None"
"YMLFC","Female",31439,"None"
"LLKSK","Female",15908,"A5-F"
"DVKBG","Female",18604,"A5-F"
"FGDWZ","Male",24390,"None"
"PDIEP","Female",30768,"None"
"KPYIS","Male",20970,"None"
"OKQIY","Male",33389,"None"
"OLSTG","Female",31093,"None"
"KOIZN","Female",15852,"A5-F"
"XSKVA","Female",25001,"A5-F"
"IIWXQ","Female",24134,"A5-F"
"JHRXF","Male",27362,"None"
"YRGGL","Female",21872,"A5-F"
"IPCCU","Female",5259,"None"
"NBDZA","Male",29925,"None"
"ZUJXU","Male",11516,"A1"
"FYCLA","Female",27219,"A5-F"
"YLMRA","Male",16520,"A1"
"XIBCV","Male",22393,"None"
"AWREJ","Male",8289,"None"
"KSPOG","Female",13863,"A5-F"
"PRXSD","Male",16915,"A1"
"SCBMD","Female",34514,"None"
"TVFCY","Female",29028,"A5-F"
"UUHEE","Male",30305,"None"
"SLGNQ","Female",31507,"None"
"BQKNH","Male",26467,"None"
"ABJBF","Male",32263,"None"
"MLCHA","Female",22118,"A5-F"
"NKVKH","Female",29074,"A5-F"
"QDLOX","Female",17542,"A5-F"
"NSKQF","Female",5526,"None"
"LSUQF","Male",6273,"None"
"EQXPI","Female",14627,"A5-F"
"KENEK","Male",13061,"A1"
"XMTDD","Female",26821,"A5-F"
"KUTFJ","Female",6722,"None"
"TQKHU","Female",10018,"A5-F"
"EZSKA","Female",7486,"None"
"BLNCP","Male",12187,"A1"
"TZDDZ","Female",28761,"A5-F"
"AYQUD","Male",32042,"None"
"QGYEI","Female",9722,"A5-F"
"FICIQ","Male",6493,"None"
"CFRQM","Male",28280,"None"
"LOJUP","Male",26658,"None"
"AFOVH","Male",29782,"None"
"AFQVF","Female",25290,"A5-F"
"EZIJC","Male",5004,"None"
"IUWRV","Female",11673,"A5-F"
"ZWYSY","Female",26943,"A5-F"
"FFHDV","Female",19493,"A5-F"
"QTFZG","Female",6993,"None"
"GKUAS","Female",10028,"A5-F"
"HQNXG","Male",21834,"None"
"CAXOX","Female",29487,"A5-F"
"WYNLQ","Male",8956,"None"
"HAVBE","Male",19538,"A1"
"ZMSZT","Female",32133,"None"
"XVIPU","Female",31956,"None"
"AQRJI","Female",10202,"A5-F"
"KABKY","Female",33963,"None"
"QNRNT","Female",13506,"A5-F"
"HXEIJ","Male",23014,"None"
"QTGVL","Male",26520,"None"
"KRLGC","Female",16350,"A5-F"
"NRPQF","Male",10071,"A1"
"FDUEN","Male",13808,"A1"
"JHVJW","Female",27157,"A5-F"
"NOSAB","Male",21522,"None"
"OJEEW","Female",21437,"A5-F"
"QQZRB","Female",23564,"A5-F"
"KEQNC","Female",16389,"A5-F"
"JMYSB","Male",11442,"A1"
"QISRI","Male",17555,"A1"
"ZZVNO","Female",32717,"None"
"FHTBA","Female",17450,"A5-F"
"RGGDE","Male",22934,"None"
"KJKAJ","Male",5717,"None"
"YWULG","Male",7832,"None"
"ERHOG","Female",16003,"A5-F"
"NJXPY","Female",28110,"A5-F"
"CVWKC","Female",8008,"A5-F"
"HQYVM","Male",22785,"None"
"OLISS","Female",30489,"None"
"FMIKY","Male",8138,"None"
"NSUWR","Male",24976,"None"
"VXUML","Male",34962,"None"
"SLZUT","Male",17435,"A1"
"DWPQL","Male",31288,"None"
"BESMG","Male",33794,"None"
"XEGPL","Female",6198,"None"
"KSFXZ","Female",13931,"A5-F"
"LMFJH","Female",13305,"A5-F"
"JFSWQ","Female",26145,"A5-F"
"VUBWS","Male",13930,"A1"
"STMAF","Female",11387,"A5-F"
"ERGZQ","Male",20114,"None"
"OEEMH","Female",32352,"None"
"SADXR","Male",11571,"A1"
"DHXUV","Male",23252,"None"
"WYWDR","Female",7001,"None"
"NLKXK","Female",25586,"A5-F"
"XQWBJ","Female",11599,"A5-F"
"VDFJS","Male",12161,"A1"
"FIXPM","Female",14551,"A5-F"
"IGSXJ","Male",18390,"A1"
"RXXHP","Male",16742,"A1"
"ORQYP","Female",26140,"A5-F"
"EWCFX","Female",32742,"None"
"YSKKL","Male",24953,"None"
"AHGOE","Male",26811,"None"
"CGMTI","Male",11137,"A1"
"ULNYG","Male",25132,"None"
"IYWDS","Female",24270,"A5-F"
"IBXQL","Female",14246,"A5-F"
"NJGPB","Male",30468,"None"
"JSBUH","Female",5542,"None"
"AAOXR","Male",9529,"None"
"XCPDG","Male",22641,"None"
"BNDQS","Male",7319,"None"
"WHSGL","Male",21906,"None"
"BRYPZ","Female",22032,"A5-F"
"WQKBN","Female",34372,"None"
"YYQVM","Male",20360,"None"
"VYWIO","Male",23840,"None"
"CXZFJ","Male",31801,"None"
"LOIYO","Female",18210,"A5-F"
"DYIEN","Female",22471,"A5-F"
"QBSEX","Female",20932,"A5-F"
"KAGOZ","Female",16173,"A5-F"
"EWKPY","Male",21545,"None"
"JBFLS","Male",22947,"None"
"LCHWM","Female",11892,"A5-F"
"PBMMU","Male",30592,"None"
"FSKLK","Male",16210,"A1"
"AYHYA","Male",29196,"None"
"XHLHP","Female",33600,"None"
"JOJXH","Female",12895,"A5-F"
"HBNRK","Female",12795,"A5-F"
"BSPBY","Male",32780,"None"
"IWEZF","Male",20772,"None"
"RQLOB","Male",23119,"None"
"NBPOJ","Male",21514,"None"
"UXCBK","Male",16565,"A1"
"HPIYO","Female",8389,"A5-F"
"MWROL","Female",11413,"A5-F"
"UICMZ","Female",29014,"A5-F"
"IPEHR","Male",9546,"None"
"FHKKV","Female",8665,"A5-F"
"ZFDOQ","Female",17410,"A5-F"
"HYVKV","Female",24428,"A5-F"
"RYNLH","Male",27348,"None"
"CJSLN","Male",18441,"A1"
"YMFWZ","Male",10421,"A1"
"GUYUD","Female",30969,"None"
"JPWPC","Female",25025,"A5-F"
"SSGUF","Female",20941,"A5-F"
"OBNDV","Female",15240,"A5-F"
"VJELD","Male",13482,"A1"
"CGKVO","Male",10279,"A1"
"BIMKW","Female",13988,"A5-F"
"HHFEI","Female",18238,"A5-F"
"IEPJA","Female",27390,"A5-F"
"JBCMG","Male",22426,"None"
"MVOFO","Female",19521,"A5-F"
"BQCYR","Male",17811,"A1"
"JLHHI","Male",24281,"None"
"DTOQB","Male",22987,"None"
"GMHYU","Female",16924,"A5-F"
"UVZQL","Male",8312,"None"
"MPJEO","Female",13042,"A5-F"
"FUQZE","Female",13508,"A5-F"
"KPLKX","Female",30165,"None"
"HAWCN","Male",28721,"None"
"JTWOG","Male",28085,"None"
"WVYPL","Female",29734,"A5-F"
"TICSM","Female",12672,"A5-F"
"HYQDJ","Female",6202,"None"
"QJEKI","Male",7420,"None"
"LEXDB","Female",20927,"A5-F"
"ASPKG","Female",27441,"A5-F"
"XEBIZ","Female",8218,"A5-F"
"UOFZF","Female",30774,"None"
"WDVOF","Male",29784,"None"
"YCUJE","Female",17816,"A5-F"
"YFACH","Male",19241,"A1"
"BNSZA","Male",16961,"A1"
"WCEXM","Female",24687,"A5-F"
"IQONQ","Female",24832,"A5-F"
"QUHEL","Female",8177,"A5-F"
"TTEXY","Male",10808,"A1"
"RHSCE","Male",20377,"None"
"HLEWZ","Female",15485,"A5-F"
"YOXJV","Female",9930,"A5-F"
"VTIIU","Male",32577,"None"
"QIJXE","Male",13023,"A1"
"KPNYN","Male",28873,"None"
"MONGJ","Male",24522,"None"
"IMNPE","Male",27927,"None"
"ZMNHG","Female",33637,"None"
"CMYNM","Male",18972,"A1"
"YUMNR","Female",25463,"A5-F"
"TTKHO","Male",15153,"A1"
"HOAUR","Male",28641,"None"
"ILQMP","Female",11445,"A5-F"
"ZAUWF","Female",19824,"A5-F"
"QFDJO","Male",28330,"None"
"WBGRI","Male",10667,"A1"
"AKHRN","Female",6088,"None"
"HHGTR","Female",11128,"A5-F"
"HIFKP","Male",30445,"None"
"JEXTI","Female",29060,"A5-F"
"CBCAH","Male",26705,"None"
"ZCFHO","Female",15598,"A5-F"
"QTSRC","Female",26718,"A5-F"
"WPKEL","Female",32929,"None"
"CFDWU","Male",32855,"None"
"JTIOJ","Male",13945,"A1"
"RKRBU","Male",24196,"None"
"EETZW","Male",9701,"None"
"SOXBJ","Female",7580,"A5-F"
"UTFWE","Female",23851,"A5-F"
"RIKAG","Female",33502,"None"
"NHCQM","Female",33342,"None"
"PAEQH","Female",14547,"A5-F"
"SDLKX","Female",5054,"None"
"KJSGU","Female",6279,"None"
"QNUKB","Male",24462,"None"
"MYWTD","Female",22940,"A5-F"
"CJTAT","Male",26592,"None"
"SGZGG","Male",19487,"A1"
"EJPVU","Female",16832,"A5-F"
