[{"name": "VMVVW", "gender": "Female", "salary": 16172, "employee_level": "A5-F"}, {"name": "OUMHY", "gender": "Male", "salary": 17991, "employee_level": "A1"}, {"name": "DCAPV", "gender": "Female", "salary": 18113, "employee_level": "A5-F"}, {"name": "JJNGR", "gender": "Female", "salary": 11793, "employee_level": "A5-F"}, {"name": "CRFAI", "gender": "Female", "salary": 16848, "employee_level": "A5-F"}, {"name": "WNWJR", "gender": "Male", "salary": 19865, "employee_level": "A1"}, {"name": "EXNXD", "gender": "Male", "salary": 28997, "employee_level": "none"}, {"name": "YZUQC", "gender": "Female", "salary": 34410, "employee_level": "none"}, {"name": "YCZNM", "gender": "Male", "salary": 9372, "employee_level": "none"}, {"name": "DPGHV", "gender": "Male", "salary": 6748, "employee_level": "none"}, {"name": "QUVBL", "gender": "Male", "salary": 20032, "employee_level": "none"}, {"name": "FQOUJ", "gender": "Female", "salary": 7267, "employee_level": "none"}, {"name": "GJQXH", "gender": "Male", "salary": 15532, "employee_level": "A1"}, {"name": "FRTJT", "gender": "Male", "salary": 5253, "employee_level": "none"}, {"name": "HJJBT", "gender": "Female", "salary": 22651, "employee_level": "A5-F"}, {"name": "PAKHS", "gender": "Female", "salary": 12594, "employee_level": "A5-F"}, {"name": "PMXAL", "gender": "Female", "salary": 29430, "employee_level": "A5-F"}, {"name": "ZLICS", "gender": "Male", "salary": 6235, "employee_level": "none"}, {"name": "GKPWX", "gender": "Male", "salary": 20285, "employee_level": "none"}, {"name": "ZRIYJ", "gender": "Male", "salary": 8105, "employee_level": "none"}, {"name": "PJOOZ", "gender": "Female", "salary": 33468, "employee_level": "none"}, {"name": "WEYNR", "gender": "Male", "salary": 30110, "employee_level": "none"}, {"name": "GHCFV", "gender": "Female", "salary": 9836, "employee_level": "A5-F"}, {"name": "NRDTD", "gender": "Female", "salary": 33429, "employee_level": "none"}, {"name": "XCSVT", "gender": "Female", "salary": 10801, "employee_level": "A5-F"}, {"name": "HPPSB", "gender": "Female", "salary": 14744, "employee_level": "A5-F"}, {"name": "XNBHC", "gender": "Female", "salary": 7748, "employee_level": "A5-F"}, {"name": "ZQUAQ", "gender": "Male", "salary": 19618, "employee_level": "A1"}, {"name": "YPYYM", "gender": "Female", "salary": 9078, "employee_level": "A5-F"}, {"name": "OHJCY", "gender": "Male", "salary": 13056, "employee_level": "A1"}, {"name": "ZEWJD", "gender": "Male", "salary": 29951, "employee_level": "none"}, {"name": "CGXJI", "gender": "Male", "salary": 26085, "employee_level": "none"}, {"name": "CHLXD", "gender": "Male", "salary": 19314, "employee_level": "A1"}, {"name": "KTTZQ", "gender": "Female", "salary": 19502, "employee_level": "A5-F"}, {"name": "RMHKW", "gender": "Female", "salary": 10877, "employee_level": "A5-F"}, {"name": "AMZQI", "gender": "Male", "salary": 32609, "employee_level": "none"}, {"name": "KBFNY", "gender": "Male", "salary": 30227, "employee_level": "none"}, {"name": "WXIIM", "gender": "Female", "salary": 7765, "employee_level": "A5-F"}, {"name": "DKDCP", "gender": "Male", "salary": 31774, "employee_level": "none"}, {"name": "OIQBI", "gender": "Male", "salary": 25488, "employee_level": "none"}, {"name": "EZSQM", "gender": "Female", "salary": 27833, "employee_level": "A5-F"}, {"name": "GIJXI", "gender": "Female", "salary": 21338, "employee_level": "A5-F"}, {"name": "TWTJR", "gender": "Male", "salary": 22807, "employee_level": "none"}, {"name": "FVWJM", "gender": "Female", "salary": 34880, "employee_level": "none"}, {"name": "TYEJR", "gender": "Female", "salary": 5180, "employee_level": "none"}, {"name": "NVCFN", "gender": "Female", "salary": 32740, "employee_level": "none"}, {"name": "ZQRQZ", "gender": "Female", "salary": 10417, "employee_level": "A5-F"}, {"name": "BPWNP", "gender": "Female", "salary": 16099, "employee_level": "A5-F"}, {"name": "HSJDI", "gender": "Male", "salary": 11558, "employee_level": "A1"}, {"name": "UDUJK", "gender": "Male", "salary": 25017, "employee_level": "none"}, {"name": "TXJKV", "gender": "Male", "salary": 33855, "employee_level": "none"}, {"name": "NCRDF", "gender": "Male", "salary": 22380, "employee_level": "none"}, {"name": "XWFDT", "gender": "Female", "salary": 24173, "employee_level": "A5-F"}, {"name": "QJFSG", "gender": "Female", "salary": 26278, "employee_level": "A5-F"}, {"name": "PVVNY", "gender": "Female", "salary": 14009, "employee_level": "A5-F"}, {"name": "KAMEI", "gender": "Male", "salary": 32493, "employee_level": "none"}, {"name": "AUZFK", "gender": "Male", "salary": 22867, "employee_level": "none"}, {"name": "ZLODP", "gender": "Female", "salary": 24553, "employee_level": "A5-F"}, {"name": "XUKEF", "gender": "Male", "salary": 33325, "employee_level": "none"}, {"name": "JTMVM", "gender": "Female", "salary": 12341, "employee_level": "A5-F"}, {"name": "FAUMS", "gender": "Male", "salary": 12457, "employee_level": "A1"}, {"name": "IBPAB", "gender": "Male", "salary": 29592, "employee_level": "none"}, {"name": "XLQIX", "gender": "Male", "salary": 23964, "employee_level": "none"}, {"name": "BZLZX", "gender": "Female", "salary": 23256, "employee_level": "A5-F"}, {"name": "CMFAM", "gender": "Male", "salary": 11315, "employee_level": "A1"}, {"name": "EVGUE", "gender": "Female", "salary": 26598, "employee_level": "A5-F"}, {"name": "KXIWU", "gender": "Male", "salary": 6360, "employee_level": "none"}, {"name": "TGHCP", "gender": "Male", "salary": 18687, "employee_level": "A1"}, {"name": "XGHPB", "gender": "Male", "salary": 32443, "employee_level": "none"}, {"name": "MATDD", "gender": "Female", "salary": 22213, "employee_level": "A5-F"}, {"name": "ZBRNI", "gender": "Female", "salary": 20588, "employee_level": "A5-F"}, {"name": "ZUGKQ", "gender": "Male", "salary": 14792, "employee_level": "A1"}, {"name": "WFJJQ", "gender": "Male", "salary": 21011, "employee_level": "none"}, {"name": "SMJOV", "gender": "Male", "salary": 23345, "employee_level": "none"}, {"name": "CYQXO", "gender": "Male", "salary": 10168, "employee_level": "A1"}, {"name": "XWOJM", "gender": "Female", "salary": 26003, "employee_level": "A5-F"}, {"name": "ZPDIK", "gender": "Female", "salary": 13039, "employee_level": "A5-F"}, {"name": "MXAMA", "gender": "Male", "salary": 33117, "employee_level": "none"}, {"name": "YRMKC", "gender": "Female", "salary": 15722, "employee_level": "A5-F"}, {"name": "RZDLQ", "gender": "Female", "salary": 21504, "employee_level": "A5-F"}, {"name": "COUYB", "gender": "Female", "salary": 30405, "employee_level": "none"}, {"name": "MTHVD", "gender": "Female", "salary": 7452, "employee_level": "none"}, {"name": "PMBBD", "gender": "Male", "salary": 29339, "employee_level": "none"}, {"name": "OLLHM", "gender": "Female", "salary": 11457, "employee_level": "A5-F"}, {"name": "ZOGHA", "gender": "Female", "salary": 27616, "employee_level": "A5-F"}, {"name": "BWRAI", "gender": "Male", "salary": 6909, "employee_level": "none"}, {"name": "THSXV", "gender": "Male", "salary": 26945, "employee_level": "none"}, {"name": "SMUIU", "gender": "Female", "salary": 14367, "employee_level": "A5-F"}, {"name": "DFETU", "gender": "Male", "salary": 16632, "employee_level": "A1"}, {"name": "LAFPZ", "gender": "Female", "salary": 34363, "employee_level": "none"}, {"name": "XRFMK", "gender": "Female", "salary": 23107, "employee_level": "A5-F"}, {"name": "GSOJQ", "gender": "Female", "salary": 20141, "employee_level": "A5-F"}, {"name": "YXVQC", "gender": "Male", "salary": 8637, "employee_level": "none"}, {"name": "RXRQH", "gender": "Male", "salary": 24375, "employee_level": "none"}, {"name": "TOQPW", "gender": "Male", "salary": 11771, "employee_level": "A1"}, {"name": "YJLXP", "gender": "Female", "salary": 26032, "employee_level": "A5-F"}, {"name": "LMXVU", "gender": "Male", "salary": 27256, "employee_level": "none"}, {"name": "PKTQS", "gender": "Male", "salary": 5486, "employee_level": "none"}, {"name": "YLRJT", "gender": "Female", "salary": 16568, "employee_level": "A5-F"}, {"name": "EBTDE", "gender": "Female", "salary": 7797, "employee_level": "A5-F"}, {"name": "YZHVO", "gender": "Female", "salary": 24668, "employee_level": "A5-F"}, {"name": "UOONE", "gender": "Male", "salary": 27743, "employee_level": "none"}, {"name": "BYFTV", "gender": "Male", "salary": 18294, "employee_level": "A1"}, {"name": "BUSFA", "gender": "Female", "salary": 13447, "employee_level": "A5-F"}, {"name": "BEFDQ", "gender": "Female", "salary": 5230, "employee_level": "none"}, {"name": "SUGGU", "gender": "Male", "salary": 33566, "employee_level": "none"}, {"name": "LJWPB", "gender": "Female", "salary": 13048, "employee_level": "A5-F"}, {"name": "ZZQCO", "gender": "Female", "salary": 11571, "employee_level": "A5-F"}, {"name": "PIBQH", "gender": "Female", "salary": 13996, "employee_level": "A5-F"}, {"name": "KHIVV", "gender": "Female", "salary": 16667, "employee_level": "A5-F"}, {"name": "KVPUT", "gender": "Male", "salary": 25159, "employee_level": "none"}, {"name": "ULVQE", "gender": "Female", "salary": 15793, "employee_level": "A5-F"}, {"name": "TFXDY", "gender": "Female", "salary": 25805, "employee_level": "A5-F"}, {"name": "ODYCA", "gender": "Male", "salary": 10783, "employee_level": "A1"}, {"name": "BZZTP", "gender": "Male", "salary": 11781, "employee_level": "A1"}, {"name": "PYMST", "gender": "Female", "salary": 8153, "employee_level": "A5-F"}, {"name": "UDJBQ", "gender": "Male", "salary": 24946, "employee_level": "none"}, {"name": "OQPCT", "gender": "Male", "salary": 30029, "employee_level": "none"}, {"name": "LTKAJ", "gender": "Female", "salary": 12230, "employee_level": "A5-F"}, {"name": "CQWTA", "gender": "Female", "salary": 21246, "employee_level": "A5-F"}, {"name": "BZIDJ", "gender": "Male", "salary": 13121, "employee_level": "A1"}, {"name": "XRMGF", "gender": "Male", "salary": 12319, "employee_level": "A1"}, {"name": "UBRLR", "gender": "Female", "salary": 12651, "employee_level": "A5-F"}, {"name": "OLREZ", "gender": "Male", "salary": 33833, "employee_level": "none"}, {"name": "YIVSW", "gender": "Male", "salary": 15586, "employee_level": "A1"}, {"name": "LJYXA", "gender": "Male", "salary": 19581, "employee_level": "A1"}, {"name": "NJRGD", "gender": "Female", "salary": 27957, "employee_level": "A5-F"}, {"name": "HFLIS", "gender": "Male", "salary": 21949, "employee_level": "none"}, {"name": "ZNCMU", "gender": "Female", "salary": 27258, "employee_level": "A5-F"}, {"name": "NXYUF", "gender": "Female", "salary": 14669, "employee_level": "A5-F"}, {"name": "EFLUZ", "gender": "Female", "salary": 5670, "employee_level": "none"}, {"name": "OSAAE", "gender": "Male", "salary": 15446, "employee_level": "A1"}, {"name": "YBRZR", "gender": "Male", "salary": 30524, "employee_level": "none"}, {"name": "OAQXI", "gender": "Male", "salary": 25949, "employee_level": "none"}, {"name": "CGGOW", "gender": "Female", "salary": 18226, "employee_level": "A5-F"}, {"name": "NJCZG", "gender": "Female", "salary": 28434, "employee_level": "A5-F"}, {"name": "OFHJH", "gender": "Male", "salary": 28850, "employee_level": "none"}, {"name": "XOJBC", "gender": "Male", "salary": 14100, "employee_level": "A1"}, {"name": "FMQLQ", "gender": "Male", "salary": 8782, "employee_level": "none"}, {"name": "VVOVZ", "gender": "Female", "salary": 33658, "employee_level": "none"}, {"name": "WFIFC", "gender": "Female", "salary": 15909, "employee_level": "A5-F"}, {"name": "TAONJ", "gender": "Female", "salary": 33726, "employee_level": "none"}, {"name": "EPCIM", "gender": "Male", "salary": 34334, "employee_level": "none"}, {"name": "EWUJG", "gender": "Male", "salary": 25892, "employee_level": "none"}, {"name": "EOVPA", "gender": "Male", "salary": 21179, "employee_level": "none"}, {"name": "VVYDW", "gender": "Female", "salary": 14445, "employee_level": "A5-F"}, {"name": "ZQLAS", "gender": "Male", "salary": 16248, "employee_level": "A1"}, {"name": "WYKNH", "gender": "Male", "salary": 17819, "employee_level": "A1"}, {"name": "ATWMY", "gender": "Male", "salary": 27761, "employee_level": "none"}, {"name": "XXRCS", "gender": "Female", "salary": 7741, "employee_level": "A5-F"}, {"name": "WWRJU", "gender": "Female", "salary": 11991, "employee_level": "A5-F"}, {"name": "OCGZS", "gender": "Male", "salary": 32539, "employee_level": "none"}, {"name": "KKXWS", "gender": "Male", "salary": 19271, "employee_level": "A1"}, {"name": "CJNZD", "gender": "Female", "salary": 19682, "employee_level": "A5-F"}, {"name": "FCFXU", "gender": "Male", "salary": 16147, "employee_level": "A1"}, {"name": "RDKQC", "gender": "Male", "salary": 33811, "employee_level": "none"}, {"name": "TXSFW", "gender": "Male", "salary": 19146, "employee_level": "A1"}, {"name": "NMQSH", "gender": "Male", "salary": 32987, "employee_level": "none"}, {"name": "MRQXS", "gender": "Male", "salary": 28699, "employee_level": "none"}, {"name": "LVJSG", "gender": "Female", "salary": 33177, "employee_level": "none"}, {"name": "PNXDM", "gender": "Male", "salary": 32455, "employee_level": "none"}, {"name": "LZYPF", "gender": "Male", "salary": 27906, "employee_level": "none"}, {"name": "CGUJA", "gender": "Male", "salary": 30659, "employee_level": "none"}, {"name": "VRQCC", "gender": "Male", "salary": 11076, "employee_level": "A1"}, {"name": "NGCRO", "gender": "Female", "salary": 27510, "employee_level": "A5-F"}, {"name": "YREGC", "gender": "Female", "salary": 25144, "employee_level": "A5-F"}, {"name": "DBKZM", "gender": "Male", "salary": 33737, "employee_level": "none"}, {"name": "YSQFS", "gender": "Female", "salary": 34099, "employee_level": "none"}, {"name": "IWGNR", "gender": "Male", "salary": 15224, "employee_level": "A1"}, {"name": "WDQHF", "gender": "Female", "salary": 17788, "employee_level": "A5-F"}, {"name": "SOBLQ", "gender": "Male", "salary": 29821, "employee_level": "none"}, {"name": "OEAHK", "gender": "Male", "salary": 8869, "employee_level": "none"}, {"name": "FRJCD", "gender": "Female", "salary": 24391, "employee_level": "A5-F"}, {"name": "XZYFD", "gender": "Male", "salary": 5629, "employee_level": "none"}, {"name": "EDMNX", "gender": "Female", "salary": 15168, "employee_level": "A5-F"}, {"name": "BYPFL", "gender": "Male", "salary": 34277, "employee_level": "none"}, {"name": "NZXAQ", "gender": "Female", "salary": 28822, "employee_level": "A5-F"}, {"name": "MLIKH", "gender": "Female", "salary": 29503, "employee_level": "A5-F"}, {"name": "GEUDU", "gender": "Male", "salary": 21846, "employee_level": "none"}, {"name": "YYWOT", "gender": "Male", "salary": 31812, "employee_level": "none"}, {"name": "XSXWB", "gender": "Male", "salary": 28654, "employee_level": "none"}, {"name": "RNXBI", "gender": "Female", "salary": 28786, "employee_level": "A5-F"}, {"name": "EHDHY", "gender": "Female", "salary": 17114, "employee_level": "A5-F"}, {"name": "EFZFN", "gender": "Male", "salary": 22897, "employee_level": "none"}, {"name": "AQJOE", "gender": "Male", "salary": 31228, "employee_level": "none"}, {"name": "IJJPX", "gender": "Male", "salary": 32775, "employee_level": "none"}, {"name": "QRQUO", "gender": "Male", "salary": 15382, "employee_level": "A1"}, {"name": "XQWTL", "gender": "Female", "salary": 27984, "employee_level": "A5-F"}, {"name": "FSDXZ", "gender": "Male", "salary": 8389, "employee_level": "none"}, {"name": "ETJAU", "gender": "Female", "salary": 28191, "employee_level": "A5-F"}, {"name": "QTWUN", "gender": "Female", "salary": 14345, "employee_level": "A5-F"}, {"name": "EYOUM", "gender": "Male", "salary": 27843, "employee_level": "none"}, {"name": "KOSIU", "gender": "Female", "salary": 25828, "employee_level": "A5-F"}, {"name": "EODOF", "gender": "Female", "salary": 29363, "employee_level": "A5-F"}, {"name": "AYEBY", "gender": "Female", "salary": 18626, "employee_level": "A5-F"}, {"name": "XJQRG", "gender": "Female", "salary": 10635, "employee_level": "A5-F"}, {"name": "VNJDE", "gender": "Female", "salary": 11658, "employee_level": "A5-F"}, {"name": "IEOAT", "gender": "Female", "salary": 26292, "employee_level": "A5-F"}, {"name": "GKWEV", "gender": "Female", "salary": 15170, "employee_level": "A5-F"}, {"name": "MXCVZ", "gender": "Female", "salary": 11371, "employee_level": "A5-F"}, {"name": "TFXNT", "gender": "Male", "salary": 34688, "employee_level": "none"}, {"name": "YEHKW", "gender": "Female", "salary": 7786, "employee_level": "A5-F"}, {"name": "PMMOZ", "gender": "Male", "salary": 32936, "employee_level": "none"}, {"name": "GIMQS", "gender": "Male", "salary": 24167, "employee_level": "none"}, {"name": "VEGHY", "gender": "Female", "salary": 32472, "employee_level": "none"}, {"name": "FPLMC", "gender": "Male", "salary": 11841, "employee_level": "A1"}, {"name": "TCXFX", "gender": "Male", "salary": 15766, "employee_level": "A1"}, {"name": "GUXMN", "gender": "Male", "salary": 25603, "employee_level": "none"}, {"name": "ASQAA", "gender": "Male", "salary": 18093, "employee_level": "A1"}, {"name": "XGMBE", "gender": "Male", "salary": 19516, "employee_level": "A1"}, {"name": "YZOWR", "gender": "Male", "salary": 19504, "employee_level": "A1"}, {"name": "CRXPL", "gender": "Female", "salary": 17900, "employee_level": "A5-F"}, {"name": "LQQIF", "gender": "Male", "salary": 24809, "employee_level": "none"}, {"name": "RCHNL", "gender": "Female", "salary": 28675, "employee_level": "A5-F"}, {"name": "RXRTJ", "gender": "Female", "salary": 17535, "employee_level": "A5-F"}, {"name": "RWJSD", "gender": "Male", "salary": 28882, "employee_level": "none"}, {"name": "RVUDT", "gender": "Male", "salary": 22319, "employee_level": "none"}, {"name": "GCVJK", "gender": "Female", "salary": 32667, "employee_level": "none"}, {"name": "KHVLX", "gender": "Female", "salary": 26950, "employee_level": "A5-F"}, {"name": "WWCQB", "gender": "Male", "salary": 21940, "employee_level": "none"}, {"name": "TJFLN", "gender": "Male", "salary": 6281, "employee_level": "none"}, {"name": "PDBCA", "gender": "Female", "salary": 9687, "employee_level": "A5-F"}, {"name": "OFNPW", "gender": "Male", "salary": 26802, "employee_level": "none"}, {"name": "JLIBL", "gender": "Female", "salary": 18076, "employee_level": "A5-F"}, {"name": "TOHMW", "gender": "Female", "salary": 23162, "employee_level": "A5-F"}, {"name": "BMYWS", "gender": "Female", "salary": 10857, "employee_level": "A5-F"}, {"name": "JPMJJ", "gender": "Male", "salary": 27806, "employee_level": "none"}, {"name": "DIFQE", "gender": "Male", "salary": 34755, "employee_level": "none"}, {"name": "YLMIV", "gender": "Male", "salary": 24167, "employee_level": "none"}, {"name": "JJWDA", "gender": "Male", "salary": 30228, "employee_level": "none"}, {"name": "ZEGMS", "gender": "Female", "salary": 28003, "employee_level": "A5-F"}, {"name": "DOBDD", "gender": "Male", "salary": 9714, "employee_level": "none"}, {"name": "SPIED", "gender": "Male", "salary": 25795, "employee_level": "none"}, {"name": "NBYXI", "gender": "Female", "salary": 5761, "employee_level": "none"}, {"name": "YMLPC", "gender": "Male", "salary": 7329, "employee_level": "none"}, {"name": "BTAVQ", "gender": "Male", "salary": 26659, "employee_level": "none"}, {"name": "DHKMF", "gender": "Female", "salary": 21455, "employee_level": "A5-F"}, {"name": "NZIYZ", "gender": "Male", "salary": 12639, "employee_level": "A1"}, {"name": "VMGBI", "gender": "Male", "salary": 29822, "employee_level": "none"}, {"name": "NBNFQ", "gender": "Male", "salary": 13683, "employee_level": "A1"}, {"name": "CHLQG", "gender": "Male", "salary": 19839, "employee_level": "A1"}, {"name": "EXTAZ", "gender": "Male", "salary": 15855, "employee_level": "A1"}, {"name": "ITGLE", "gender": "Male", "salary": 18024, "employee_level": "A1"}, {"name": "XNVXV", "gender": "Male", "salary": 11056, "employee_level": "A1"}, {"name": "TNWPY", "gender": "Male", "salary": 19800, "employee_level": "A1"}, {"name": "GXYON", "gender": "Male", "salary": 19961, "employee_level": "A1"}, {"name": "OQQAM", "gender": "Female", "salary": 7682, "employee_level": "A5-F"}, {"name": "ZHXXK", "gender": "Male", "salary": 20060, "employee_level": "none"}, {"name": "TTYFK", "gender": "Female", "salary": 32235, "employee_level": "none"}, {"name": "PYIZE", "gender": "Female", "salary": 11736, "employee_level": "A5-F"}, {"name": "LYPKD", "gender": "Male", "salary": 32371, "employee_level": "none"}, {"name": "TKIXX", "gender": "Female", "salary": 18655, "employee_level": "A5-F"}, {"name": "FNECG", "gender": "Male", "salary": 15374, "employee_level": "A1"}, {"name": "YJJJA", "gender": "Male", "salary": 33821, "employee_level": "none"}, {"name": "UMZCM", "gender": "Male", "salary": 13922, "employee_level": "A1"}, {"name": "XCKCG", "gender": "Female", "salary": 34844, "employee_level": "none"}, {"name": "TCMTW", "gender": "Female", "salary": 17624, "employee_level": "A5-F"}, {"name": "QPZNS", "gender": "Male", "salary": 17695, "employee_level": "A1"}, {"name": "OKYMP", "gender": "Male", "salary": 30463, "employee_level": "none"}, {"name": "AFMJN", "gender": "Male", "salary": 6012, "employee_level": "none"}, {"name": "BHKQM", "gender": "Male", "salary": 26383, "employee_level": "none"}, {"name": "KMVZL", "gender": "Male", "salary": 11891, "employee_level": "A1"}, {"name": "DBWPU", "gender": "Male", "salary": 14727, "employee_level": "A1"}, {"name": "UYKUD", "gender": "Female", "salary": 27579, "employee_level": "A5-F"}, {"name": "YXJZP", "gender": "Male", "salary": 17764, "employee_level": "A1"}, {"name": "QLIIP", "gender": "Female", "salary": 13403, "employee_level": "A5-F"}, {"name": "OJKDE", "gender": "Female", "salary": 32735, "employee_level": "none"}, {"name": "CTKDU", "gender": "Female", "salary": 13709, "employee_level": "A5-F"}, {"name": "WHVUG", "gender": "Male", "salary": 14137, "employee_level": "A1"}, {"name": "APTVY", "gender": "Female", "salary": 17319, "employee_level": "A5-F"}, {"name": "GICLW", "gender": "Male", "salary": 25219, "employee_level": "none"}, {"name": "XRWLH", "gender": "Male", "salary": 24092, "employee_level": "none"}, {"name": "IFXXP", "gender": "Male", "salary": 34597, "employee_level": "none"}, {"name": "IECQJ", "gender": "Male", "salary": 12383, "employee_level": "A1"}, {"name": "OVEBV", "gender": "Female", "salary": 15070, "employee_level": "A5-F"}, {"name": "FWVRI", "gender": "Male", "salary": 33060, "employee_level": "none"}, {"name": "SWDAF", "gender": "Female", "salary": 12245, "employee_level": "A5-F"}, {"name": "HHTCU", "gender": "Female", "salary": 20033, "employee_level": "A5-F"}, {"name": "EBQGQ", "gender": "Female", "salary": 17532, "employee_level": "A5-F"}, {"name": "CTIBQ", "gender": "Female", "salary": 32976, "employee_level": "none"}, {"name": "QINRR", "gender": "Female", "salary": 7082, "employee_level": "none"}, {"name": "GGJWB", "gender": "Female", "salary": 24080, "employee_level": "A5-F"}, {"name": "MIBRC", "gender": "Female", "salary": 15014, "employee_level": "A5-F"}, {"name": "ZVRNS", "gender": "Male", "salary": 24609, "employee_level": "none"}, {"name": "VNKRF", "gender": "Female", "salary": 11749, "employee_level": "A5-F"}, {"name": "BCKXH", "gender": "Female", "salary": 24941, "employee_level": "A5-F"}, {"name": "TECRE", "gender": "Female", "salary": 23888, "employee_level": "A5-F"}, {"name": "ERZWS", "gender": "Female", "salary": 20733, "employee_level": "A5-F"}, {"name": "KKXFK", "gender": "Male", "salary": 17442, "employee_level": "A1"}, {"name": "UKLOT", "gender": "Female", "salary": 19848, "employee_level": "A5-F"}, {"name": "NDZLM", "gender": "Male", "salary": 20841, "employee_level": "none"}, {"name": "AMHHS", "gender": "Male", "salary": 10247, "employee_level": "A1"}, {"name": "KQVQS", "gender": "Male", "salary": 25254, "employee_level": "none"}, {"name": "BWXVH", "gender": "Male", "salary": 8917, "employee_level": "none"}, {"name": "UICHZ", "gender": "Male", "salary": 23076, "employee_level": "none"}, {"name": "JILLS", "gender": "Male", "salary": 11121, "employee_level": "A1"}, {"name": "MZWWC", "gender": "Male", "salary": 27183, "employee_level": "none"}, {"name": "KUZGE", "gender": "Female", "salary": 9280, "employee_level": "A5-F"}, {"name": "AHITD", "gender": "Male", "salary": 28071, "employee_level": "none"}, {"name": "RLABZ", "gender": "Female", "salary": 9378, "employee_level": "A5-F"}, {"name": "GDDND", "gender": "Female", "salary": 12708, "employee_level": "A5-F"}, {"name": "VLQVN", "gender": "Female", "salary": 16787, "employee_level": "A5-F"}, {"name": "RXENW", "gender": "Male", "salary": 25860, "employee_level": "none"}, {"name": "EDGSR", "gender": "Male", "salary": 33444, "employee_level": "none"}, {"name": "RYDKJ", "gender": "Female", "salary": 19065, "employee_level": "A5-F"}, {"name": "RWNAE", "gender": "Male", "salary": 15216, "employee_level": "A1"}, {"name": "DYQRJ", "gender": "Male", "salary": 9660, "employee_level": "none"}, {"name": "UTWKZ", "gender": "Female", "salary": 14198, "employee_level": "A5-F"}, {"name": "MUJGF", "gender": "Female", "salary": 8570, "employee_level": "A5-F"}, {"name": "PJVRB", "gender": "Male", "salary": 24989, "employee_level": "none"}, {"name": "NVKSM", "gender": "Female", "salary": 15552, "employee_level": "A5-F"}, {"name": "FFHSX", "gender": "Female", "salary": 11361, "employee_level": "A5-F"}, {"name": "VWLBF", "gender": "Female", "salary": 30473, "employee_level": "none"}, {"name": "ROQKG", "gender": "Female", "salary": 33340, "employee_level": "none"}, {"name": "DARHC", "gender": "Female", "salary": 27968, "employee_level": "A5-F"}, {"name": "ZNKNT", "gender": "Male", "salary": 20136, "employee_level": "none"}, {"name": "MCLHG", "gender": "Male", "salary": 9736, "employee_level": "none"}, {"name": "AXSKK", "gender": "Male", "salary": 11935, "employee_level": "A1"}, {"name": "JRWHT", "gender": "Female", "salary": 9831, "employee_level": "A5-F"}, {"name": "RFNPU", "gender": "Male", "salary": 23760, "employee_level": "none"}, {"name": "HARJA", "gender": "Female", "salary": 30131, "employee_level": "none"}, {"name": "YDPGG", "gender": "Male", "salary": 17122, "employee_level": "A1"}, {"name": "MZZLR", "gender": "Female", "salary": 17914, "employee_level": "A5-F"}, {"name": "JIHAM", "gender": "Male", "salary": 7417, "employee_level": "none"}, {"name": "UBBIQ", "gender": "Male", "salary": 30822, "employee_level": "none"}, {"name": "FVNVK", "gender": "Female", "salary": 22101, "employee_level": "A5-F"}, {"name": "SZEJG", "gender": "Male", "salary": 12715, "employee_level": "A1"}, {"name": "TDHBC", "gender": "Male", "salary": 14287, "employee_level": "A1"}, {"name": "XSZOG", "gender": "Female", "salary": 34365, "employee_level": "none"}, {"name": "WDMWM", "gender": "Female", "salary": 11350, "employee_level": "A5-F"}, {"name": "VZCFB", "gender": "Male", "salary": 31854, "employee_level": "none"}, {"name": "ATETW", "gender": "Male", "salary": 13658, "employee_level": "A1"}, {"name": "KDMIA", "gender": "Female", "salary": 7052, "employee_level": "none"}, {"name": "UQNYL", "gender": "Female", "salary": 15453, "employee_level": "A5-F"}, {"name": "CDQOF", "gender": "Female", "salary": 26665, "employee_level": "A5-F"}, {"name": "SAEXB", "gender": "Male", "salary": 17479, "employee_level": "A1"}, {"name": "KCRYQ", "gender": "Female", "salary": 18870, "employee_level": "A5-F"}, {"name": "GNSZX", "gender": "Female", "salary": 14317, "employee_level": "A5-F"}, {"name": "MAPIZ", "gender": "Female", "salary": 11437, "employee_level": "A5-F"}, {"name": "LKNST", "gender": "Female", "salary": 26931, "employee_level": "A5-F"}, {"name": "XNOBN", "gender": "Male", "salary": 18971, "employee_level": "A1"}, {"name": "JRATG", "gender": "Male", "salary": 27521, "employee_level": "none"}, {"name": "TUJMD", "gender": "Female", "salary": 29606, "employee_level": "A5-F"}, {"name": "RWBXO", "gender": "Female", "salary": 5138, "employee_level": "none"}, {"name": "TVGAC", "gender": "Male", "salary": 26866, "employee_level": "none"}, {"name": "AINHR", "gender": "Male", "salary": 34753, "employee_level": "none"}, {"name": "WGULV", "gender": "Male", "salary": 30796, "employee_level": "none"}, {"name": "FPLCT", "gender": "Male", "salary": 16724, "employee_level": "A1"}, {"name": "TUXMD", "gender": "Female", "salary": 25248, "employee_level": "A5-F"}, {"name": "HJHKD", "gender": "Female", "salary": 32740, "employee_level": "none"}, {"name": "WFVSF", "gender": "Male", "salary": 8981, "employee_level": "none"}, {"name": "BCPEA", "gender": "Male", "salary": 21268, "employee_level": "none"}, {"name": "QWAZR", "gender": "Female", "salary": 6847, "employee_level": "none"}, {"name": "CWOFB", "gender": "Female", "salary": 12726, "employee_level": "A5-F"}, {"name": "FPBHG", "gender": "Female", "salary": 30754, "employee_level": "none"}, {"name": "PGRET", "gender": "Female", "salary": 20124, "employee_level": "A5-F"}, {"name": "JPQLO", "gender": "Female", "salary": 25975, "employee_level": "A5-F"}, {"name": "AAXOM", "gender": "Female", "salary": 19410, "employee_level": "A5-F"}, {"name": "WOROR", "gender": "Female", "salary": 28952, "employee_level": "A5-F"}, {"name": "AZRUW", "gender": "Female", "salary": 12509, "employee_level": "A5-F"}, {"name": "XMBZB", "gender": "Male", "salary": 21809, "employee_level": "none"}, {"name": "TRUGK", "gender": "Female", "salary": 12185, "employee_level": "A5-F"}, {"name": "XBVTZ", "gender": "Female", "salary": 22237, "employee_level": "A5-F"}, {"name": "SKVIA", "gender": "Male", "salary": 28143, "employee_level": "none"}, {"name": "GOTYS", "gender": "Male", "salary": 15666, "employee_level": "A1"}, {"name": "QHFLN", "gender": "Male", "salary": 20620, "employee_level": "none"}, {"name": "QJHEU", "gender": "Female", "salary": 24182, "employee_level": "A5-F"}, {"name": "EHFSY", "gender": "Male", "salary": 23876, "employee_level": "none"}, {"name": "HXWVA", "gender": "Female", "salary": 12957, "employee_level": "A5-F"}, {"name": "OVDTB", "gender": "Female", "salary": 13843, "employee_level": "A5-F"}, {"name": "DZBGZ", "gender": "Female", "salary": 31016, "employee_level": "none"}, {"name": "ZTIMP", "gender": "Male", "salary": 8240, "employee_level": "none"}, {"name": "IQRXW", "gender": "Male", "salary": 23962, "employee_level": "none"}, {"name": "LTABC", "gender": "Female", "salary": 6026, "employee_level": "none"}, {"name": "RNSVN", "gender": "Female", "salary": 13969, "employee_level": "A5-F"}, {"name": "BSVSJ", "gender": "Male", "salary": 31858, "employee_level": "none"}, {"name": "XAGEP", "gender": "Female", "salary": 10258, "employee_level": "A5-F"}, {"name": "XIWQG", "gender": "Male", "salary": 33767, "employee_level": "none"}, {"name": "LDZWJ", "gender": "Female", "salary": 31209, "employee_level": "none"}, {"name": "UONXD", "gender": "Male", "salary": 18428, "employee_level": "A1"}, {"name": "LMDMK", "gender": "Male", "salary": 18424, "employee_level": "A1"}, {"name": "ZIQKW", "gender": "Female", "salary": 7079, "employee_level": "none"}, {"name": "QAAHE", "gender": "Female", "salary": 8779, "employee_level": "A5-F"}, {"name": "NFHCC", "gender": "Female", "salary": 6610, "employee_level": "none"}, {"name": "RJWMV", "gender": "Male", "salary": 11527, "employee_level": "A1"}, {"name": "LBADU", "gender": "Female", "salary": 29685, "employee_level": "A5-F"}, {"name": "LNJBN", "gender": "Male", "salary": 33065, "employee_level": "none"}, {"name": "ROJKS", "gender": "Female", "salary": 14306, "employee_level": "A5-F"}, {"name": "IFYIQ", "gender": "Female", "salary": 8077, "employee_level": "A5-F"}, {"name": "QRIQE", "gender": "Female", "salary": 23618, "employee_level": "A5-F"}, {"name": "VAOIX", "gender": "Male", "salary": 27333, "employee_level": "none"}, {"name": "VPRKP", "gender": "Female", "salary": 26853, "employee_level": "A5-F"}, {"name": "ZIFCF", "gender": "Female", "salary": 10700, "employee_level": "A5-F"}, {"name": "ZZKZI", "gender": "Female", "salary": 19192, "employee_level": "A5-F"}, {"name": "QAVHQ", "gender": "Female", "salary": 34418, "employee_level": "none"}, {"name": "DFUUI", "gender": "Male", "salary": 27232, "employee_level": "none"}, {"name": "LWHAA", "gender": "Male", "salary": 6850, "employee_level": "none"}, {"name": "UWHVJ", "gender": "Female", "salary": 23079, "employee_level": "A5-F"}, {"name": "QRXOU", "gender": "Female", "salary": 11952, "employee_level": "A5-F"}, {"name": "FQUQA", "gender": "Female", "salary": 31003, "employee_level": "none"}, {"name": "YCLKE", "gender": "Female", "salary": 18787, "employee_level": "A5-F"}, {"name": "BRMJV", "gender": "Male", "salary": 14190, "employee_level": "A1"}, {"name": "BZSUT", "gender": "Female", "salary": 6373, "employee_level": "none"}, {"name": "VPUXY", "gender": "Male", "salary": 13678, "employee_level": "A1"}, {"name": "VOQKA", "gender": "Male", "salary": 19141, "employee_level": "A1"}, {"name": "BDBEV", "gender": "Male", "salary": 16818, "employee_level": "A1"}, {"name": "RGIBN", "gender": "Male", "salary": 15040, "employee_level": "A1"}, {"name": "LQHQG", "gender": "Male", "salary": 21353, "employee_level": "none"}, {"name": "SLPYV", "gender": "Male", "salary": 33298, "employee_level": "none"}, {"name": "PUZOI", "gender": "Male", "salary": 29024, "employee_level": "none"}, {"name": "SKNYA", "gender": "Male", "salary": 10988, "employee_level": "A1"}, {"name": "DOAYW", "gender": "Male", "salary": 25141, "employee_level": "none"}, {"name": "PFTQN", "gender": "Female", "salary": 14063, "employee_level": "A5-F"}, {"name": "XVROI", "gender": "Female", "salary": 26456, "employee_level": "A5-F"}, {"name": "KXOWB", "gender": "Male", "salary": 7839, "employee_level": "none"}, {"name": "NQBCT", "gender": "Male", "salary": 7878, "employee_level": "none"}, {"name": "LFDSU", "gender": "Female", "salary": 15956, "employee_level": "A5-F"}, {"name": "EJJOS", "gender": "Male", "salary": 29166, "employee_level": "none"}, {"name": "OTEOM", "gender": "Male", "salary": 27774, "employee_level": "none"}, {"name": "DDWKV", "gender": "Male", "salary": 30052, "employee_level": "none"}, {"name": "TMLTB", "gender": "Male", "salary": 20696, "employee_level": "none"}, {"name": "GMYKT", "gender": "Female", "salary": 15425, "employee_level": "A5-F"}, {"name": "MYZBC", "gender": "Male", "salary": 33228, "employee_level": "none"}, {"name": "HPDKZ", "gender": "Female", "salary": 28942, "employee_level": "A5-F"}, {"name": "KXIZV", "gender": "Male", "salary": 31114, "employee_level": "none"}, {"name": "KAVJC", "gender": "Female", "salary": 33325, "employee_level": "none"}, {"name": "HQKNP", "gender": "Male", "salary": 13483, "employee_level": "A1"}, {"name": "KUGGA", "gender": "Male", "salary": 20924, "employee_level": "none"}, {"name": "WACFR", "gender": "Female", "salary": 30942, "employee_level": "none"}, {"name": "KKRKU", "gender": "Male", "salary": 21436, "employee_level": "none"}, {"name": "NMZNJ", "gender": "Male", "salary": 16594, "employee_level": "A1"}, {"name": "QXCGD", "gender": "Male", "salary": 21945, "employee_level": "none"}, {"name": "RQEYW", "gender": "Male", "salary": 25143, "employee_level": "none"}, {"name": "CDZTN", "gender": "Male", "salary": 34337, "employee_level": "none"}, {"name": "BSMKN", "gender": "Male", "salary": 28523, "employee_level": "none"}, {"name": "XTZZU", "gender": "Male", "salary": 26062, "employee_level": "none"}, {"name": "OBMWU", "gender": "Male", "salary": 30152, "employee_level": "none"}, {"name": "CMHEC", "gender": "Female", "salary": 18407, "employee_level": "A5-F"}, {"name": "GLWDN", "gender": "Female", "salary": 25554, "employee_level": "A5-F"}, {"name": "YQWHT", "gender": "Female", "salary": 28328, "employee_level": "A5-F"}, {"name": "UOHCZ", "gender": "Female", "salary": 8280, "employee_level": "A5-F"}, {"name": "ZEOML", "gender": "Female", "salary": 24046, "employee_level": "A5-F"}, {"name": "MDPBR", "gender": "Male", "salary": 21604, "employee_level": "none"}, {"name": "YMIBU", "gender": "Male", "salary": 22470, "employee_level": "none"}, {"name": "LZMKZ", "gender": "Male", "salary": 29486, "employee_level": "none"}, {"name": "TQFYJ", "gender": "Female", "salary": 26086, "employee_level": "A5-F"}, {"name": "CNKXH", "gender": "Female", "salary": 17226, "employee_level": "A5-F"}, {"name": "QOFMW", "gender": "Male", "salary": 20452, "employee_level": "none"}, {"name": "KHMUQ", "gender": "Male", "salary": 8832, "employee_level": "none"}, {"name": "FCGIG", "gender": "Female", "salary": 18920, "employee_level": "A5-F"}, {"name": "POBNL", "gender": "Male", "salary": 13955, "employee_level": "A1"}, {"name": "NHYYV", "gender": "Female", "salary": 25409, "employee_level": "A5-F"}, {"name": "NDTTZ", "gender": "Female", "salary": 10605, "employee_level": "A5-F"}, {"name": "GHBTC", "gender": "Female", "salary": 12962, "employee_level": "A5-F"}, {"name": "LIKBG", "gender": "Male", "salary": 21841, "employee_level": "none"}, {"name": "AQIVG", "gender": "Female", "salary": 31143, "employee_level": "none"}, {"name": "JLOFZ", "gender": "Female", "salary": 19852, "employee_level": "A5-F"}, {"name": "NCUXQ", "gender": "Female", "salary": 30505, "employee_level": "none"}, {"name": "DCXRQ", "gender": "Male", "salary": 29810, "employee_level": "none"}, {"name": "HVLPH", "gender": "Female", "salary": 32973, "employee_level": "none"}, {"name": "PCLJE", "gender": "Female", "salary": 9908, "employee_level": "A5-F"}, {"name": "QWFQN", "gender": "Male", "salary": 7311, "employee_level": "none"}, {"name": "YFFOE", "gender": "Male", "salary": 23465, "employee_level": "none"}, {"name": "UEHOF", "gender": "Female", "salary": 20342, "employee_level": "A5-F"}, {"name": "BNFYC", "gender": "Female", "salary": 27552, "employee_level": "A5-F"}, {"name": "TEVRC", "gender": "Female", "salary": 25892, "employee_level": "A5-F"}, {"name": "SSVZE", "gender": "Male", "salary": 16733, "employee_level": "A1"}, {"name": "FRXYO", "gender": "Male", "salary": 16234, "employee_level": "A1"}, {"name": "YPPLR", "gender": "Male", "salary": 16986, "employee_level": "A1"}, {"name": "SMWAA", "gender": "Female", "salary": 19460, "employee_level": "A5-F"}, {"name": "MJUOR", "gender": "Female", "salary": 27489, "employee_level": "A5-F"}, {"name": "IEDBK", "gender": "Male", "salary": 34961, "employee_level": "none"}, {"name": "HNESG", "gender": "Female", "salary": 16401, "employee_level": "A5-F"}, {"name": "ZDURR", "gender": "Male", "salary": 24435, "employee_level": "none"}, {"name": "UTGCW", "gender": "Male", "salary": 13467, "employee_level": "A1"}, {"name": "QQIMO", "gender": "Female", "salary": 6104, "employee_level": "none"}, {"name": "MGKGX", "gender": "Male", "salary": 6328, "employee_level": "none"}, {"name": "BSBGM", "gender": "Male", "salary": 17234, "employee_level": "A1"}, {"name": "BDZQV", "gender": "Male", "salary": 31607, "employee_level": "none"}, {"name": "CLUDJ", "gender": "Female", "salary": 31766, "employee_level": "none"}, {"name": "CORHQ", "gender": "Female", "salary": 19163, "employee_level": "A5-F"}, {"name": "PAWTW", "gender": "Female", "salary": 24426, "employee_level": "A5-F"}, {"name": "MHWDS", "gender": "Male", "salary": 19149, "employee_level": "A1"}, {"name": "BQNJH", "gender": "Female", "salary": 34957, "employee_level": "none"}, {"name": "ESYDL", "gender": "Female", "salary": 24257, "employee_level": "A5-F"}, {"name": "WXKRR", "gender": "Male", "salary": 33699, "employee_level": "none"}, {"name": "DGUSK", "gender": "Female", "salary": 9812, "employee_level": "A5-F"}, {"name": "MXBBB", "gender": "Male", "salary": 16462, "employee_level": "A1"}, {"name": "BQIYL", "gender": "Male", "salary": 27978, "employee_level": "none"}, {"name": "XIJML", "gender": "Female", "salary": 17818, "employee_level": "A5-F"}, {"name": "SIOLS", "gender": "Male", "salary": 10228, "employee_level": "A1"}, {"name": "NXXPX", "gender": "Male", "salary": 7914, "employee_level": "none"}, {"name": "NFTYZ", "gender": "Female", "salary": 10834, "employee_level": "A5-F"}, {"name": "TUYDI", "gender": "Male", "salary": 30459, "employee_level": "none"}, {"name": "ACRSP", "gender": "Male", "salary": 21398, "employee_level": "none"}, {"name": "RSMJJ", "gender": "Male", "salary": 28359, "employee_level": "none"}, {"name": "DDMQA", "gender": "Female", "salary": 15012, "employee_level": "A5-F"}, {"name": "BMQWD", "gender": "Female", "salary": 25688, "employee_level": "A5-F"}, {"name": "XKIXR", "gender": "Female", "salary": 28479, "employee_level": "A5-F"}, {"name": "ZRSTH", "gender": "Male", "salary": 29911, "employee_level": "none"}]